action	min_reward	mean_reward	max_reward
0	0.0	0.5679299502949564	3.7614611916597194
1	0.0	0.0	0.0
2	0.0	0.0	0.0
