action	min_reward	mean_reward	max_reward
2	-0.05646441877897357	1.5029894613605785	2.9032923842401397
