action	min_reward	mean_reward	max_reward
0	0.0	0.5977585031224771	3.7614611916597194
1	0.0	0.5316470662071927	2.9889216151840223
2	0.0	0.17659748645193876	0.9666168669576152
