action	min_reward	mean_reward	max_reward
0	0.0	0.597758503122477	3.76146119165972
1	0.0	0.5316470662071927	2.9889216151840223
2	0.0	0.17659748645193876	0.9666168669576152
