strategy	regret
uniform	162.42415119527413
just-0	0.0
just-1	66.11143691528434
just-2	421.1610166705383
actual	129.15648289405215
